{
  "project_info": {
    "project_number": "428631542296",
    "project_id": "project02-5d068",
    "storage_bucket": "project02-5d068.appspot.com"
  },
  "client": [
    {
      "client_info": {
        "mobilesdk_app_id": "1:428631542296:android:e5330a7adf2c98da3ad16d",
        "android_client_info": {
          "package_name": "com.example.omio_ibtahaz_somoy.cse486_project02"
        }
      },
      "oauth_client": [
        {
          "client_id": "428631542296-ogctrr79g9ggjfsrj4u5hhafboqpr4ns.apps.googleusercontent.com",
          "client_type": 3
        }
      ],
      "api_key": [
        {
          "current_key": "AIzaSyA4EAYh4kgzDxJOANgD3YJpIUDq7S6ye5c"
        }
      ],
      "services": {
        "appinvite_service": {
          "other_platform_oauth_client": [
            {
              "client_id": "428631542296-ogctrr79g9ggjfsrj4u5hhafboqpr4ns.apps.googleusercontent.com",
              "client_type": 3
            }
          ]
        }
      }
    }
  ],
  "configuration_version": "1"
}